scenario_id,asset,attack_type,targeted_property,impact_rating
1,firmware_functionality,unknown,confidentiality,minor
2,unknown_asset,spoofing,unknown,unknown
3,rtl8710c_module,unknown,unknown,unknown
4,unknown_asset,unknown,availability,severe
5,infotainment_system,unknown,unknown,unknown
6,unknown_asset,unknown,confidentiality,unknown
7,advantech_server,elevation_of_privilege,unknown,unknown
8,code_decoder,unknown,unknown,unknown
9,unknown_asset,unknown,unknown,unknown
10,unknown_asset,unknown,unknown,unknown
11,keyless,unknown,unknown,unknown
12,unknown_asset,unknown,unknown,unknown
13,can_traffic,unknown,unknown,unknown
14,radio_signal,unknown,unknown,unknown
15,ioc_chip,unknown,unknown,unknown
16,can_network,unknown,unknown,unknown
17,garo_wallbox,unknown,unknown,unknown
18,car_app,unknown,unknown,unknown
19,can_bus,unknown,unknown,unknown
20,unknown_asset,unknown,unknown,unknown
21,qualcomm_automobile,unknown,unknown,unknown
22,key_fobs,unknown,unknown,unknown
23,obd_ports,unknown,unknown,unknown
24,sinec_ins,unknown,unknown,unknown
25,infineon_2,unknown,unknown,unknown
26,remote_system,unknown,unknown,unknown
27,unknown_asset,unknown,unknown,unknown
28,omap_functionality,unknown,unknown,unknown
29,unknown_asset,unknown,unknown,unknown
30,unknown_asset,unknown,unknown,unknown
31,unknown_asset,unknown,unknown,unknown
32,unknown_asset,unknown,integrity,major
33,unknown_asset,unknown,availability,severe
34,key_fob,unknown,unknown,unknown
35,key_fob,unknown,unknown,unknown
36,mobile_apps,unknown,unknown,unknown
37,mac_feature,unknown,unknown,unknown
38,unknown_asset,unknown,unknown,unknown
39,passive_start,unknown,unknown,unknown
40,infotainment_system,unknown,confidentiality,unknown
41,unknown_asset,unknown,unknown,unknown
42,it_systems,unknown,unknown,unknown
43,unknown_asset,unknown,unknown,unknown
44,sinumerik_products,unknown,unknown,unknown
45,can_messages,unknown,unknown,unknown
46,key_fob,unknown,unknown,unknown
47,unknown_asset,unknown,unknown,unknown
48,keyless_entry,unknown,unknown,unknown
49,unknown_asset,unknown,unknown,unknown
50,ldap_servers,unknown,unknown,unknown
51,human,unknown,unknown,unknown
52,unknown_asset,unknown,unknown,unknown
53,unknown_asset,unknown,integrity,major
54,unknown_asset,unknown,unknown,unknown
55,keyless_system,unknown,unknown,unknown
56,unknown_asset,unknown,unknown,unknown
57,unknown_asset,unknown,unknown,unknown
58,unknown_asset,unknown,unknown,unknown
59,unknown_asset,unknown,unknown,unknown
60,unknown_asset,unknown,unknown,unknown
61,unknown_asset,spoofing,unknown,unknown
62,unknown_asset,unknown,unknown,unknown
63,obd_dongle,unknown,unknown,unknown
64,keyless_entry,unknown,unknown,unknown
65,unknown_asset,unknown,unknown,unknown
66,keyless_system,unknown,unknown,unknown
67,unknown_asset,unknown,unknown,unknown
68,unknown_asset,unknown,unknown,unknown
69,evlink_city,unknown,unknown,unknown
70,traffic_recognition,unknown,unknown,unknown
71,root_shell,unknown,confidentiality,unknown
72,renderer_process,unknown,unknown,unknown
73,unknown_asset,unknown,confidentiality,unknown
74,debug_interface,unknown,confidentiality,unknown
75,unknown_asset,unknown,unknown,unknown
76,unknown_asset,unknown,unknown,unknown
77,remote_system,unknown,unknown,unknown
78,unknown_asset,unknown,unknown,unknown
79,keyless_system,unknown,unknown,unknown
80,unknown_asset,tampering,unknown,unknown
81,intelligent_system,unknown,unknown,unknown
82,unknown_asset,unknown,confidentiality,minor
83,unknown_asset,unknown,unknown,unknown
84,keyless_entry,unknown,unknown,unknown
85,key_fob,unknown,unknown,unknown
86,unknown_asset,unknown,unknown,minor
87,keyless_system,unknown,unknown,unknown
88,unknown_asset,unknown,unknown,unknown
89,human_recognition,unknown,unknown,unknown
90,unknown_asset,unknown,unknown,unknown
91,snapdragon_automobile,unknown,unknown,unknown
92,unknown_asset,unknown,unknown,unknown
93,head_hu_nbt,unknown,unknown,unknown
94,dscm_message,unknown,unknown,severe
95,nfc_card,unknown,unknown,unknown
96,unknown_asset,unknown,unknown,unknown
97,unknown_asset,unknown,unknown,unknown
98,wlan_protocols,unknown,confidentiality,minor
99,autonomous_system,unknown,unknown,unknown
100,keyless_system,unknown,unknown,unknown
101,unknown_asset,unknown,unknown,unknown
102,mobile_device,unknown,unknown,unknown
103,unknown_asset,unknown,unknown,unknown
104,deep_network,unknown,unknown,unknown
105,at&t_system,unknown,unknown,unknown
106,unknown_asset,unknown,unknown,unknown
107,unknown_asset,unknown,unknown,unknown
108,keyless_system,unknown,unknown,unknown
109,keyless_system,unknown,unknown,unknown
110,pre-collision_system,unknown,unknown,unknown
111,instrument_cluster,unknown,unknown,unknown
112,diagnostic_command,unknown,unknown,unknown
113,wi-fi_feature,unknown,unknown,unknown
114,mycar_controls,unknown,unknown,unknown
115,parking_functionality,unknown,confidentiality,minor
116,j1772_charger,unknown,unknown,unknown
117,evlink_evc1s22p4,unknown,unknown,unknown
118,connected_data,unknown,unknown,unknown
119,baseband_processor,unknown,unknown,unknown
120,unknown_asset,unknown,unknown,unknown
121,unknown_asset,unknown,unknown,unknown
122,tizen_policy,unknown,unknown,unknown
123,unknown_asset,unknown,unknown,unknown
124,internal_networks,unknown,unknown,unknown
125,unknown_asset,unknown,unknown,unknown
126,cloud_component,unknown,unknown,unknown
127,gps_coordinates,unknown,unknown,unknown
128,baseband_processor,unknown,unknown,unknown
129,dab_radio,unknown,unknown,unknown
130,autowiper_function,unknown,unknown,unknown
131,key_fobs,unknown,unknown,unknown
132,oem_code,unknown,unknown,unknown
133,can_bus,unknown,unknown,unknown
134,tracking_apis,unknown,unknown,unknown
135,powertrain_ecu,unknown,unknown,unknown
136,unknown_asset,unknown,unknown,unknown
137,autopi,unknown,confidentiality,minor
138,unknown_asset,unknown,unknown,unknown
139,automotive_linux,unknown,unknown,unknown
140,nand_chip,unknown,unknown,unknown
141,dma_buffer,tampering,unknown,unknown
142,hab_management,unknown,unknown,unknown
143,unknown_asset,unknown,unknown,unknown
144,unknown_asset,unknown,unknown,unknown
145,keyless_system,unknown,unknown,unknown
146,megamos_cipher,unknown,unknown,unknown
147,key_fobs,unknown,unknown,unknown
148,unknown_asset,unknown,integrity,major
149,unknown_asset,unknown,unknown,unknown
150,unknown_asset,unknown,unknown,unknown
151,unknown_asset,unknown,unknown,unknown
152,key_fob,unknown,unknown,unknown
153,ios_client,unknown,unknown,unknown
154,unknown_asset,unknown,unknown,unknown
155,unknown_asset,unknown,unknown,unknown
156,unknown_asset,unknown,confidentiality,unknown
157,can_bus,unknown,unknown,unknown
158,can_traffic,unknown,unknown,unknown
159,wlan_communication,unknown,unknown,unknown
160,unknown_asset,unknown,unknown,unknown
161,unknown_asset,unknown,unknown,unknown
162,webkit_browser,unknown,unknown,unknown
163,enlightenment_service,unknown,unknown,unknown
164,unknown_asset,unknown,unknown,unknown
165,infotainment_system,unknown,unknown,unknown
166,unknown_asset,unknown,confidentiality,minor
167,unknown_asset,unknown,confidentiality,minor
168,unknown_asset,unknown,unknown,unknown
169,telematics_communication,unknown,unknown,unknown
170,can_messages,unknown,unknown,unknown
171,unknown_asset,unknown,unknown,unknown
172,unknown_asset,tampering,unknown,unknown
173,magnetic_key,unknown,unknown,unknown
174,rolling_scheme,unknown,unknown,unknown
175,unknown_asset,unknown,unknown,unknown
176,cd/multimedia_software,unknown,unknown,unknown
177,unknown_asset,unknown,unknown,unknown
178,park_assistance,unknown,unknown,unknown
179,debug_interface,unknown,confidentiality,unknown
180,unknown_asset,unknown,unknown,unknown
181,unknown_asset,unknown,unknown,unknown
182,unknown_asset,unknown,unknown,unknown
183,unknown_asset,spoofing,unknown,unknown
184,unknown_asset,unknown,unknown,unknown
185,mobile_api,unknown,unknown,unknown
186,remote_entry,unknown,unknown,unknown
187,unknown_asset,unknown,unknown,unknown
188,unknown_asset,unknown,unknown,unknown
189,seat_function,unknown,unknown,unknown
190,unknown_asset,unknown,confidentiality,minor
191,onboard_port,unknown,unknown,unknown
192,unknown_asset,unknown,unknown,unknown
193,user_credentials,unknown,unknown,unknown
194,keyless_system,unknown,unknown,unknown
195,charging_infrastructure,unknown,unknown,unknown
196,infotainment_ecu,unknown,unknown,unknown
197,unknown_asset,unknown,unknown,unknown
198,function_downloadandupdate,tampering,unknown,unknown
199,unknown_asset,unknown,unknown,unknown
200,unknown_asset,unknown,unknown,unknown
201,diagnostic_trace,unknown,unknown,unknown
202,unknown_asset,unknown,unknown,unknown
203,snapdragon_chip,unknown,unknown,unknown
204,unknown_asset,unknown,unknown,unknown
205,unknown_asset,repudiation,unknown,unknown
206,unknown_asset,unknown,unknown,unknown
207,unknown_asset,unknown,unknown,unknown
208,engine_ecu,unknown,unknown,unknown
209,unknown_asset,unknown,unknown,unknown
210,unknown_asset,unknown,unknown,unknown
211,unknown_asset,unknown,unknown,unknown
212,unknown_asset,unknown,unknown,unknown
213,door_locks,unknown,unknown,unknown
214,unknown_asset,unknown,unknown,unknown
215,remote_system,unknown,unknown,unknown
216,unknown_asset,unknown,unknown,unknown
217,unknown_asset,unknown,unknown,unknown
218,physical_key,unknown,unknown,unknown
219,unknown_asset,unknown,unknown,unknown
220,keyless_entry,unknown,unknown,unknown
221,unknown_asset,unknown,unknown,unknown
222,embms_service,unknown,unknown,unknown
223,physical,unknown,unknown,unknown
224,telnet_servers,unknown,confidentiality,unknown
225,unknown_asset,denial_of_service,unknown,unknown
226,unknown_asset,unknown,unknown,unknown
227,can_bus,unknown,unknown,unknown
228,unknown_asset,unknown,unknown,unknown
229,bt/bt_core_service,unknown,unknown,unknown
230,unknown_asset,unknown,unknown,unknown
231,qualcomm_automobile,unknown,unknown,unknown
232,command_programms,unknown,unknown,unknown
233,d-bus_services,unknown,unknown,unknown
234,evlink_city,unknown,unknown,unknown
235,onboard_port,unknown,unknown,unknown
236,telenav_app,unknown,confidentiality,unknown
237,vehicle's_card,unknown,unknown,unknown
238,vcm_ecu,unknown,unknown,unknown
239,vehicle_system,tampering,unknown,unknown
240,evlink_city,unknown,unknown,unknown
241,unknown_asset,unknown,unknown,unknown
242,data_traffic,unknown,unknown,unknown
243,unknown_asset,unknown,unknown,unknown
244,blue_link,unknown,unknown,unknown
245,crypto_ciphers,unknown,unknown,unknown
246,unknown_asset,unknown,unknown,unknown
247,unknown_asset,unknown,unknown,unknown
248,body_module,unknown,unknown,unknown
249,key_fob,repudiation,unknown,unknown
250,key_fob,unknown,unknown,unknown
251,motorcycle_dashboard,unknown,unknown,unknown
252,keyless_entry,unknown,unknown,unknown
253,evlink_city,unknown,unknown,unknown
254,parking_system,unknown,unknown,severe
255,hiqnet_protocol,unknown,unknown,unknown
256,unknown_asset,unknown,unknown,unknown
257,bluetooth_protocols,unknown,unknown,unknown
258,unknown_asset,unknown,unknown,unknown
259,rolling_scheme,unknown,unknown,unknown
260,infotainment_system,unknown,unknown,unknown
261,unknown_asset,tampering,unknown,unknown
262,unknown_asset,unknown,unknown,unknown
263,backup_database,unknown,unknown,unknown
264,algorithm_unlocking,unknown,unknown,unknown
265,vehicle_numbers,unknown,unknown,unknown
266,unknown_asset,unknown,unknown,unknown
267,head_unit,unknown,unknown,unknown
268,unknown_asset,unknown,unknown,unknown
269,unknown_asset,unknown,unknown,unknown
270,unknown_asset,unknown,unknown,unknown
271,turning_signals,unknown,unknown,unknown
272,infotainment_ecu,unknown,unknown,unknown
273,can_messages,unknown,unknown,unknown
274,keyless_system,unknown,unknown,unknown
275,unknown_asset,unknown,unknown,unknown
276,unknown_asset,unknown,unknown,unknown
277,steering_wheel,unknown,unknown,unknown
278,unknown_asset,unknown,unknown,unknown
279,unknown_asset,unknown,unknown,unknown
280,automotive_os,unknown,unknown,unknown
281,unknown_asset,unknown,unknown,unknown
282,speech,unknown,unknown,unknown
283,keyless_entry,unknown,unknown,unknown
284,unknown_asset,unknown,unknown,unknown
285,unknown_asset,unknown,unknown,unknown
286,keyless_system,unknown,unknown,unknown
287,unknown_asset,unknown,unknown,unknown
288,password_hashes,unknown,unknown,unknown
289,d-bus_services,unknown,unknown,unknown
290,keyless_system,unknown,unknown,unknown
291,daimler_comand,unknown,unknown,unknown
292,unknown_asset,unknown,unknown,unknown
293,image_network,unknown,unknown,unknown
294,remote_system,unknown,unknown,unknown
295,diagnotic_message,unknown,unknown,severe
296,unknown_asset,unknown,unknown,unknown
297,key_fobs,unknown,unknown,unknown
298,calibration_firmware,unknown,confidentiality,unknown
299,deep_networks,unknown,unknown,unknown
300,calibration_ecu,unknown,unknown,unknown
301,can_console,unknown,unknown,unknown
302,debug_interface,unknown,confidentiality,unknown
303,key_fob,unknown,unknown,unknown
304,unknown_asset,unknown,unknown,unknown
305,unknown_asset,unknown,unknown,unknown
306,unknown_asset,tampering,unknown,unknown
307,parking_brake,unknown,unknown,unknown
308,alac_format,unknown,unknown,unknown
309,outer_lighting,unknown,unknown,unknown
310,keyless_system,unknown,unknown,unknown
311,charging_server,unknown,unknown,unknown
312,unknown_asset,unknown,unknown,unknown
313,calibration_update,unknown,unknown,unknown
314,unknown_asset,unknown,unknown,unknown
315,gps_app,unknown,unknown,unknown
316,keeloq_cipher,unknown,unknown,unknown
317,snapdragon_auto,unknown,unknown,unknown
318,unknown_asset,unknown,unknown,unknown
319,sensor_inputs,unknown,unknown,unknown
320,unknown_asset,unknown,unknown,unknown
321,battery_system,unknown,unknown,unknown
322,gradient-based_algorithms,unknown,unknown,unknown
323,unknown_asset,unknown,integrity,major
324,mercedes_servers,unknown,unknown,unknown
325,unknown_asset,unknown,unknown,unknown
326,vehicle_services,unknown,unknown,unknown
327,unknown_asset,unknown,confidentiality,unknown
328,unknown_asset,unknown,unknown,unknown
329,keyless_entry,unknown,unknown,unknown
330,unknown_asset,unknown,unknown,unknown
331,electronic_units,unknown,unknown,unknown
332,unknown_asset,unknown,confidentiality,minor
333,unlocking_routine,unknown,unknown,unknown
334,electric_motor,unknown,unknown,unknown
335,qualcomm_chip,unknown,unknown,unknown
336,human,unknown,unknown,unknown
337,on-board-unit_input,unknown,unknown,unknown
338,mdm9250_chip,unknown,unknown,unknown
339,unknown_asset,unknown,confidentiality,unknown
340,unknown_asset,denial_of_service,unknown,unknown
341,flash_data,unknown,unknown,unknown
342,reachable_assertion,unknown,unknown,unknown
343,unknown_asset,unknown,unknown,unknown
344,unknown_asset,unknown,unknown,unknown
345,unknown_asset,unknown,unknown,unknown
346,unknown_asset,unknown,unknown,unknown
347,brute_protection,unknown,unknown,unknown
348,unknown_asset,unknown,unknown,unknown
349,media_player,unknown,unknown,unknown
350,unknown_asset,unknown,unknown,unknown
351,collision_system,unknown,unknown,unknown
352,unknown_asset,unknown,unknown,unknown
353,data_traffic,unknown,unknown,unknown
354,unknown_asset,unknown,unknown,unknown
355,unknown_asset,unknown,unknown,unknown
356,gateway_functionality,unknown,unknown,unknown
357,unknown_asset,unknown,unknown,unknown
358,unknown_asset,unknown,unknown,unknown
359,lreset_connection,unknown,unknown,unknown
360,unknown_asset,unknown,unknown,severe
361,apache_log4j,unknown,unknown,unknown
362,wlan_password,unknown,unknown,unknown
363,head_unit,unknown,unknown,unknown
364,unknown_asset,unknown,unknown,unknown
365,advanced,unknown,unknown,unknown
366,head_unit,unknown,unknown,unknown
367,unknown_asset,unknown,confidentiality,unknown
368,low_function,unknown,unknown,unknown
369,unknown_asset,unknown,unknown,unknown
370,unknown_asset,unknown,unknown,unknown
371,unknown_asset,unknown,unknown,unknown
372,unknown_asset,unknown,confidentiality,unknown
373,diagnostic_command,unknown,unknown,unknown
374,gnss_signals,unknown,unknown,unknown
375,web/telnet_console,unknown,unknown,unknown
376,micodus_tracker,unknown,unknown,unknown
377,mqtt_backend,unknown,unknown,minor
378,unknown_asset,unknown,unknown,unknown
379,unknown_asset,unknown,unknown,unknown
380,unknown_asset,unknown,unknown,unknown
381,unknown_asset,unknown,unknown,unknown
382,unknown_asset,unknown,confidentiality,unknown
383,electronic_keys,unknown,unknown,unknown
384,unknown_asset,denial_of_service,unknown,unknown
385,unknown_asset,unknown,unknown,unknown
386,wi-fi_module,unknown,unknown,unknown
387,key_fob,unknown,unknown,unknown
388,unknown_asset,unknown,unknown,unknown
389,key_fob,unknown,unknown,unknown
390,unknown_asset,unknown,unknown,unknown
391,bus_system,unknown,unknown,unknown
392,unknown_asset,unknown,unknown,unknown
393,diagnostic_message,unknown,unknown,unknown
394,instrument_cluster,unknown,unknown,unknown
395,unknown_asset,unknown,unknown,unknown
396,bluetooth_energy,unknown,unknown,unknown
397,web_server,unknown,unknown,unknown
398,key_fob,unknown,unknown,unknown
399,head_unit,unknown,unknown,unknown
400,unknown_asset,unknown,unknown,unknown
401,tizen-based_firmwares,unknown,unknown,unknown
402,unknown_asset,unknown,unknown,unknown
403,keyless_system,unknown,unknown,unknown
404,unknown_asset,unknown,unknown,unknown
405,unknown_asset,unknown,unknown,unknown
406,human_recognition,unknown,unknown,unknown
407,tpms_traffic,unknown,unknown,unknown
408,unknown_asset,unknown,unknown,unknown
409,unknown_asset,unknown,unknown,unknown
410,unknown_asset,unknown,unknown,unknown
411,app_framework,unknown,unknown,unknown
412,unknown_asset,unknown,unknown,unknown
413,key_fob,unknown,unknown,unknown
414,unknown_asset,unknown,unknown,minor
415,head_hu_nbt,unknown,unknown,unknown
416,qualcomm_automobile,unknown,unknown,unknown
417,head_hu_nbt,unknown,unknown,unknown
418,key_fob,unknown,unknown,unknown
419,802.11_protocol,unknown,unknown,unknown
420,personal_information,unknown,unknown,unknown
421,unknown_asset,unknown,unknown,unknown
422,telematics_ecu,unknown,unknown,unknown
423,bluetooth_address,unknown,unknown,unknown
424,unknown_asset,unknown,unknown,unknown
425,head_unit,unknown,unknown,unknown
426,airbag_light,unknown,unknown,unknown
427,automotive_linux,unknown,unknown,unknown
428,unknown_asset,unknown,unknown,unknown
429,bmw's_api,unknown,unknown,unknown
430,unknown_asset,unknown,unknown,unknown
431,unknown_asset,unknown,unknown,unknown
432,debug_interface,unknown,confidentiality,unknown
433,charging_server,unknown,unknown,unknown
434,odometer_values,unknown,unknown,unknown
435,internal_network,unknown,unknown,unknown
436,charging_ports,unknown,unknown,unknown
437,web_browsing,unknown,unknown,unknown
438,rolling_scheme,unknown,unknown,unknown
439,keyless_systems,unknown,unknown,unknown
440,unknown_asset,unknown,unknown,unknown
441,obdeleven_obd-ii,unknown,unknown,unknown
442,unknown_asset,unknown,unknown,unknown
443,unknown_asset,unknown,confidentiality,unknown
444,mobile_api,unknown,unknown,unknown
445,remote_functions,unknown,unknown,unknown
446,unknown_asset,unknown,unknown,unknown
447,battery_management,unknown,unknown,unknown
448,keyless_system,unknown,unknown,unknown
449,mobile_api,unknown,unknown,unknown
450,unknown_asset,unknown,confidentiality,unknown
451,unknown_asset,unknown,unknown,minor
452,unknown_asset,unknown,unknown,unknown
453,display_unit,denial_of_service,unknown,unknown
454,hard_drive,unknown,unknown,unknown
455,key_fob,unknown,unknown,unknown
456,unknown_asset,unknown,unknown,unknown
457,flashing_process,unknown,unknown,unknown
458,unknown_asset,unknown,unknown,unknown
459,vehicle_clamp,unknown,unknown,unknown
460,unknown_asset,unknown,unknown,unknown
461,push-to-start_ignitions,unknown,unknown,unknown
462,mobile_device,unknown,unknown,unknown
463,unknown_asset,unknown,confidentiality,unknown
464,instrument_cluster,unknown,unknown,unknown
465,android_os,unknown,unknown,unknown
466,gps_tracker,unknown,unknown,unknown
467,unknown_asset,unknown,unknown,unknown
468,unknown_asset,unknown,unknown,unknown
469,sms_chip,unknown,unknown,unknown
470,digital_plates,unknown,confidentiality,unknown
471,data_protocols,unknown,unknown,unknown
472,unknown_asset,unknown,unknown,unknown
473,visions_mycar,unknown,unknown,unknown
474,unknown_asset,unknown,unknown,unknown
475,flexray_network,unknown,unknown,unknown
476,unknown_asset,unknown,unknown,unknown
477,keyless_system,unknown,unknown,unknown
478,keyless_system,unknown,unknown,unknown
479,key_algorithm,unknown,unknown,unknown
480,unknown_asset,unknown,unknown,unknown
481,car_application,tampering,unknown,unknown
482,tpms_transmissions,unknown,unknown,unknown
483,key_fob,unknown,unknown,unknown
484,unknown_asset,unknown,unknown,unknown
485,unknown_asset,unknown,unknown,unknown
486,unknown_asset,unknown,unknown,unknown
487,unknown_asset,spoofing,unknown,unknown
488,unknown_asset,spoofing,unknown,unknown
489,junction_ecu,unknown,unknown,unknown
490,unknown_asset,unknown,unknown,unknown
491,mission-critical_applications,unknown,unknown,unknown
492,unknown_asset,unknown,confidentiality,minor
493,keyless_system,unknown,unknown,unknown
494,unknown_asset,unknown,unknown,unknown
495,unknown_asset,unknown,unknown,unknown
496,mac_addresses,unknown,unknown,unknown
497,android_auto,unknown,unknown,unknown
498,unknown_asset,unknown,unknown,unknown
499,unknown_asset,unknown,unknown,unknown
500,web-based_management,unknown,unknown,unknown
501,on-board-unit_input,unknown,unknown,unknown
502,keyless_system,unknown,unknown,unknown
503,unknown_asset,unknown,unknown,unknown
504,unknown_asset,elevation_of_privilege,unknown,unknown
505,calibration_updates,unknown,confidentiality,minor
506,unknown_asset,unknown,unknown,unknown
507,unknown_asset,unknown,confidentiality,unknown
508,remotelink_app,unknown,unknown,unknown
509,unknown_asset,unknown,unknown,unknown
510,unknown_asset,unknown,unknown,unknown
511,unknown_asset,unknown,unknown,unknown
512,diagnostic_tool,unknown,unknown,unknown
513,unknown_asset,unknown,unknown,unknown
514,instrument_cluster,unknown,unknown,unknown
515,unknown_asset,unknown,unknown,unknown
516,unknown_asset,unknown,unknown,unknown
517,infotainment_system,unknown,unknown,unknown
518,customer-link_app,unknown,unknown,unknown
519,copyvar_function,unknown,availability,unknown
520,evlink_evc1s22p4,unknown,unknown,unknown
521,image_parser,unknown,unknown,unknown
522,unknown_asset,unknown,confidentiality,unknown
523,auto_starts,unknown,unknown,unknown
524,key_card,unknown,unknown,unknown
525,unknown_asset,unknown,unknown,unknown
526,qca6595au_chip,unknown,unknown,unknown
527,telematics_service,unknown,unknown,unknown
528,can_message,unknown,unknown,unknown
529,unknown_asset,unknown,unknown,unknown
530,can_bus,unknown,unknown,unknown
531,unknown_asset,unknown,integrity,major
532,unknown_asset,unknown,availability,unknown
533,unknown_asset,unknown,unknown,unknown
534,unknown_asset,unknown,unknown,unknown
535,truning_signals,unknown,unknown,unknown
536,automotive_os,unknown,unknown,unknown
537,unknown_asset,unknown,unknown,unknown
538,autonomous_system,unknown,unknown,unknown
539,update_algorithm,unknown,unknown,unknown
540,unknown_asset,unknown,unknown,unknown
541,renesas_v850,unknown,unknown,unknown
542,unknown_asset,unknown,unknown,unknown
543,remote_system,unknown,unknown,unknown
544,unknown_asset,unknown,unknown,unknown
545,trailer_traffic,unknown,unknown,unknown
546,unknown_asset,unknown,unknown,unknown
547,security_access,unknown,unknown,unknown
548,shared_key,unknown,unknown,unknown
549,unknown_asset,unknown,confidentiality,minor
550,key_fob,repudiation,unknown,unknown
551,renesas_v850,unknown,unknown,unknown
552,keyless_system,unknown,unknown,unknown
553,unknown_asset,unknown,unknown,unknown
554,unknown_asset,unknown,unknown,unknown
555,telematics_ecu,unknown,confidentiality,unknown
556,evlink_city,unknown,confidentiality,unknown
557,unknown_asset,unknown,unknown,unknown
558,unknown_asset,unknown,confidentiality,unknown
559,suzuki_connect,spoofing,unknown,unknown
560,side_channel,unknown,unknown,unknown
561,web/telnet_interface,unknown,confidentiality,unknown
562,unknown_asset,unknown,unknown,unknown
563,central_system,unknown,unknown,unknown
564,snapdragon_automobile,unknown,unknown,unknown
565,cruise_button,unknown,unknown,unknown
566,keyless_entry,unknown,unknown,unknown
567,diagnostic_tool,unknown,unknown,unknown
568,gps_software,unknown,unknown,unknown
569,unknown_asset,unknown,unknown,unknown
570,key_fob,unknown,unknown,unknown
571,remote_fob,unknown,unknown,unknown
572,infotainment_system,unknown,unknown,unknown
573,unknown_asset,unknown,unknown,unknown
574,unknown_asset,unknown,unknown,unknown
575,unknown_asset,unknown,unknown,unknown
576,infotainment_unit,unknown,unknown,unknown
577,keyless_system,unknown,unknown,unknown
578,unknown_asset,unknown,unknown,unknown
579,unknown_asset,unknown,unknown,unknown
580,keyless_system,unknown,unknown,unknown
581,ota_updates,unknown,unknown,unknown
582,unknown_asset,tampering,unknown,unknown
583,head_unit,unknown,unknown,unknown
584,unknown_asset,unknown,unknown,unknown
585,unknown_asset,unknown,confidentiality,minor
586,keyless_system,unknown,unknown,unknown
587,keyless_system,unknown,unknown,unknown
588,can_bus,unknown,unknown,unknown
589,unknown_asset,unknown,unknown,unknown
590,unknown_asset,unknown,unknown,unknown
591,unknown_asset,unknown,unknown,minor
592,keyless_system,unknown,unknown,unknown
593,unknown_asset,unknown,unknown,unknown
594,unknown_asset,unknown,unknown,minor
595,apache_log4j,unknown,unknown,unknown
596,control_dashboard,unknown,unknown,unknown
597,unknown_asset,unknown,unknown,unknown
598,unknown_asset,unknown,unknown,unknown
599,unknown_asset,unknown,unknown,unknown
600,payment_gateway,unknown,unknown,unknown
601,content_system,unknown,unknown,unknown
602,unknown_asset,unknown,unknown,unknown
603,unknown_asset,unknown,unknown,unknown
604,unknown_asset,unknown,unknown,unknown
605,chassis_function,unknown,unknown,unknown
606,unknown_asset,unknown,unknown,unknown
607,unknown_asset,unknown,availability,unknown
608,key_encryption,unknown,unknown,unknown
609,can_message,unknown,unknown,unknown
610,unknown_asset,unknown,unknown,unknown
611,unknown_asset,unknown,unknown,unknown
612,v2g_stack,unknown,confidentiality,unknown
613,unknown_asset,unknown,unknown,unknown
614,snapdragon_chips,unknown,unknown,unknown
615,unknown_asset,unknown,unknown,unknown
616,omap_chip,unknown,unknown,unknown
617,wi-fi_9999,unknown,unknown,unknown
618,unknown_asset,unknown,confidentiality,unknown
619,parking_module,unknown,unknown,unknown
620,unknown_asset,unknown,unknown,unknown
621,vw-tp_protocol,unknown,unknown,unknown
622,unknown_asset,unknown,unknown,unknown
623,unknown_asset,unknown,unknown,unknown
624,automotive_os,unknown,unknown,unknown
625,advantech_deviceon,elevation_of_privilege,unknown,unknown
626,qnx6_images,unknown,unknown,unknown
627,radio_system,unknown,unknown,unknown
628,unknown_asset,unknown,confidentiality,unknown
629,unknown_asset,unknown,unknown,minor
630,processing_entries,unknown,unknown,unknown
631,infotainment_ecu,unknown,unknown,unknown
632,samsung_series,unknown,unknown,unknown
633,proximity_key,unknown,unknown,unknown
634,wireless_dongles,unknown,unknown,unknown
635,key_fob,unknown,unknown,unknown
636,in-vehicle_system,unknown,unknown,unknown
637,infotainment_system,unknown,confidentiality,unknown
638,unknown_asset,unknown,unknown,unknown
639,traffic_recognition,unknown,unknown,unknown
640,apache_log4j,unknown,unknown,unknown
641,unknown_asset,unknown,unknown,unknown
642,nand_chip,unknown,unknown,unknown
643,private_keys,unknown,unknown,unknown
644,controller_network,unknown,unknown,unknown
645,head_unit’s,unknown,unknown,unknown
646,head_system,unknown,unknown,unknown
647,key_fob,unknown,unknown,unknown
648,tizen-based_firmwares,unknown,unknown,unknown
649,unknown_asset,tampering,unknown,unknown
650,keyless_system,unknown,unknown,unknown
651,micodus_gps,unknown,unknown,unknown
652,third_tool,unknown,unknown,unknown
653,unknown_asset,unknown,unknown,unknown
654,unknown_asset,unknown,unknown,unknown
655,unknown_asset,unknown,unknown,unknown
656,unknown_asset,unknown,unknown,unknown
657,keyless_system,unknown,unknown,unknown
658,unknown_asset,unknown,unknown,unknown
659,critical_platform,unknown,unknown,unknown
660,ecu_system,unknown,unknown,unknown
661,unknown_asset,unknown,confidentiality,unknown
662,open_app,unknown,unknown,unknown
663,wireless_fob,unknown,unknown,unknown
664,deep_networks,unknown,unknown,unknown
665,unknown_asset,unknown,unknown,unknown
666,diagnostic_message,unknown,unknown,unknown
667,mqtt_server,unknown,unknown,unknown
668,log4j_2.16.0,unknown,unknown,unknown
669,controller_network,unknown,unknown,unknown
670,unknown_asset,unknown,unknown,unknown
671,advanced_systems,unknown,unknown,unknown
672,can_messages,unknown,unknown,unknown
673,vgate_dongles,unknown,unknown,unknown
674,unknown_asset,unknown,unknown,unknown
675,tpms_messages,unknown,unknown,unknown
676,remote_system,unknown,unknown,unknown
677,unknown_asset,unknown,unknown,unknown
678,unknown_asset,unknown,unknown,unknown
679,unknown_asset,unknown,unknown,unknown
680,information_gain,unknown,unknown,unknown
681,traffic_recognition,unknown,unknown,unknown
682,tesla_app,unknown,unknown,unknown
683,door_locks,unknown,unknown,unknown
684,unknown_asset,unknown,confidentiality,unknown
685,unknown_asset,unknown,unknown,unknown
686,keyless_entry,unknown,unknown,unknown
687,unknown_asset,unknown,unknown,severe
688,unknown_asset,unknown,unknown,unknown
689,firmware_functionality,unknown,confidentiality,minor
690,unknown_asset,unknown,unknown,minor
691,unknown_asset,unknown,unknown,unknown
692,wifi_communication,unknown,availability,unknown
693,engine_module,unknown,unknown,unknown
694,unknown_asset,tampering,unknown,unknown
695,unknown_asset,unknown,unknown,unknown
696,evlink_evc1s22p4,unknown,unknown,unknown
697,unknown_asset,unknown,unknown,unknown
698,board_computer,unknown,unknown,unknown
699,inertial_units,unknown,unknown,unknown
700,unknown_asset,unknown,unknown,unknown
701,keyless_system,unknown,unknown,unknown
702,mv720_device,unknown,unknown,unknown
703,unknown_asset,unknown,unknown,unknown
704,keyless_systems,unknown,unknown,unknown
705,unknown_asset,unknown,unknown,unknown
706,telematics_ecu,unknown,unknown,unknown
707,unknown_asset,unknown,confidentiality,unknown
708,unknown_asset,unknown,unknown,minor
709,my_app,unknown,confidentiality,unknown
710,ldap_filter,unknown,unknown,unknown
711,keyless_system,unknown,unknown,unknown
712,snapdragon_auto,unknown,unknown,unknown
713,legitimate_card,unknown,unknown,unknown
714,keyless_system,unknown,unknown,unknown
715,firmware_checksum,unknown,unknown,unknown
716,crc_checksum,unknown,unknown,unknown
717,keyless_system,unknown,unknown,unknown
718,unknown_asset,unknown,unknown,unknown
719,update_wizard,unknown,confidentiality,minor
720,rke_system,unknown,unknown,unknown
721,car_unit,unknown,unknown,unknown
722,sensor_measurement,unknown,unknown,unknown
723,phone_authentication,unknown,unknown,unknown
724,unknown_asset,unknown,unknown,unknown
725,unknown_asset,unknown,unknown,unknown
726,digital_odometers,unknown,unknown,unknown
727,unknown_asset,unknown,unknown,unknown
728,unknown_asset,unknown,unknown,unknown
729,unknown_asset,unknown,availability,severe
730,unknown_asset,unknown,unknown,unknown
731,unknown_asset,unknown,unknown,unknown
732,unknown_asset,unknown,unknown,unknown
733,unknown_asset,unknown,confidentiality,minor
734,infotainment_system,unknown,unknown,unknown
735,evlink_stations,unknown,unknown,unknown
736,unknown_asset,unknown,unknown,unknown
737,head_unit,unknown,unknown,unknown
738,cellular_communication,unknown,unknown,unknown
739,keyless_system,unknown,unknown,unknown
740,unknown_asset,unknown,unknown,unknown
741,unknown_asset,unknown,unknown,unknown
742,unknown_asset,unknown,confidentiality,minor
743,snapdragon_auto,unknown,unknown,unknown
744,key_fobs,unknown,unknown,unknown
745,infotainment_system,unknown,unknown,unknown
746,unknown_asset,unknown,confidentiality,unknown
747,sim_card,unknown,unknown,unknown
748,unknown_asset,unknown,unknown,unknown
749,v850_functions,unknown,unknown,unknown
750,unknown_asset,spoofing,unknown,unknown
751,message_protocol,unknown,unknown,unknown
752,mariadb_server,unknown,unknown,unknown
753,car-rental_platform,unknown,confidentiality,unknown
754,docker_api,unknown,unknown,unknown
755,flash_chips,unknown,unknown,unknown
756,unknown_asset,unknown,unknown,unknown
757,can_messages,unknown,unknown,unknown
758,unknown_asset,unknown,unknown,severe
759,diagnostic_command,unknown,unknown,unknown
760,flexray_protocol,unknown,unknown,unknown
761,key_fob,unknown,unknown,unknown
762,ip_addresses,unknown,unknown,unknown
763,key_fob,unknown,unknown,unknown
764,unknown_asset,unknown,integrity,major
765,citrix,unknown,unknown,unknown
766,unknown_asset,unknown,unknown,unknown
767,unknown_asset,unknown,unknown,unknown
768,unknown_asset,unknown,unknown,minor
769,key_fob,unknown,unknown,unknown
770,keyless_systems,unknown,unknown,unknown
771,unknown_asset,unknown,unknown,unknown
772,in-vehicle_system,unknown,unknown,unknown
773,unknown_asset,unknown,unknown,unknown
774,unknown_asset,unknown,confidentiality,unknown
775,lane_function,unknown,unknown,unknown
776,unknown_asset,unknown,unknown,unknown
777,wifi_modules,unknown,unknown,unknown
778,unknown_asset,unknown,availability,unknown
779,webkit_browser,unknown,unknown,unknown
780,unknown_asset,unknown,unknown,unknown
781,unknown_asset,unknown,unknown,unknown
782,unknown_asset,unknown,unknown,unknown
783,unknown_asset,unknown,unknown,unknown
784,unknown_asset,unknown,unknown,unknown
785,secure_chip,unknown,unknown,unknown
786,unknown_asset,unknown,availability,severe
787,keyless_system,unknown,unknown,unknown
788,diagnostic_message,unknown,unknown,unknown
789,hiqnet_protocol,unknown,unknown,unknown
790,security_access,unknown,unknown,unknown
791,combined_system,unknown,unknown,unknown
792,unknown_asset,unknown,unknown,unknown
793,power_communications,unknown,unknown,unknown
794,key_fob,unknown,unknown,unknown
795,unknown_asset,unknown,unknown,unknown
796,engine_module,unknown,unknown,unknown
797,unknown_asset,spoofing,unknown,unknown
798,mdm9250_chip,unknown,unknown,unknown
799,unknown_asset,unknown,unknown,unknown
800,unknown_asset,unknown,unknown,unknown
801,tpms_sensor,unknown,unknown,unknown
802,unknown_asset,unknown,unknown,unknown
803,hazard_lights,unknown,unknown,unknown
804,traffic_recognition,unknown,unknown,unknown
805,internal_network,unknown,unknown,unknown
806,key_fobs,unknown,unknown,unknown
807,unknown_asset,unknown,unknown,unknown
808,window_lift,unknown,unknown,unknown
809,unknown_asset,unknown,unknown,unknown
810,pulse_secure,unknown,unknown,unknown
811,unknown_asset,unknown,unknown,unknown
812,obd_devices,unknown,unknown,unknown
813,unknown_asset,unknown,unknown,unknown
814,human_recognition,unknown,unknown,unknown
815,unknown_asset,unknown,unknown,unknown
816,remote_services,unknown,unknown,unknown
817,unknown_asset,unknown,unknown,unknown
818,unknown_asset,unknown,unknown,unknown
819,unknown_asset,unknown,confidentiality,minor
820,on-board_port,unknown,unknown,unknown
821,head_hu_nbt,unknown,unknown,unknown
822,calamp_modem,unknown,unknown,unknown
823,unknown_asset,unknown,unknown,unknown
824,infotainment_ecu,unknown,unknown,unknown
825,unknown_asset,unknown,unknown,unknown
826,navigation_system,unknown,unknown,unknown
827,autopilot_ecu,unknown,unknown,unknown
828,rtl8710c,unknown,unknown,unknown
829,unknown_asset,unknown,unknown,unknown
830,keyless_system,unknown,unknown,unknown
831,unknown_asset,unknown,unknown,unknown
832,unknown_asset,unknown,unknown,unknown
833,unknown_asset,unknown,unknown,unknown
834,rds_transmissions,unknown,confidentiality,minor
835,key_fob,unknown,unknown,unknown
836,unknown_asset,unknown,unknown,unknown
837,android_app,unknown,unknown,unknown
838,key_fob,unknown,unknown,unknown
839,smart_chargers,unknown,unknown,unknown
840,can_bus,spoofing,unknown,unknown
841,key_fobs,unknown,unknown,unknown
842,can_bus,unknown,unknown,unknown
843,unknown_asset,unknown,unknown,unknown
844,keyless_system,unknown,unknown,unknown
845,unknown_asset,unknown,unknown,unknown
846,keyless_system,unknown,unknown,unknown
847,automotive_system,unknown,unknown,unknown
848,unknown_asset,unknown,unknown,unknown
849,keyless_fob,unknown,unknown,unknown
850,unknown_asset,unknown,unknown,unknown
851,unknown_asset,unknown,unknown,unknown
852,unknown_asset,unknown,unknown,unknown
853,air_conditioning,unknown,unknown,unknown
854,unknown_asset,unknown,unknown,unknown
855,unknown_asset,unknown,unknown,unknown
856,keyless_system,unknown,unknown,unknown
857,starlink_unit,unknown,unknown,unknown
858,evlink_city,unknown,unknown,unknown
859,unknown_asset,unknown,unknown,unknown
860,diagnostic_message,unknown,unknown,unknown
861,navigation_ecu,unknown,unknown,unknown
862,unknown_asset,unknown,unknown,unknown
863,keyless_system,unknown,unknown,unknown
864,on-board-unit_input,unknown,unknown,unknown
865,web_manger,unknown,confidentiality,unknown
866,st_vn750pc,unknown,unknown,unknown
867,keyless_systems,unknown,unknown,unknown
868,unknown_asset,unknown,unknown,unknown
869,sh2_mcu,unknown,unknown,unknown
870,unknown_asset,unknown,confidentiality,unknown
871,volkswagen_app,tampering,unknown,unknown
872,key_fob,unknown,unknown,unknown
873,active_systems,unknown,unknown,unknown
874,wireless_access,unknown,unknown,unknown
875,engine_ecu,unknown,unknown,unknown
876,snapdragon_auto,unknown,unknown,unknown
877,can_message,unknown,unknown,unknown
878,hu-jacinto_chip,unknown,unknown,unknown
879,keyless_system,unknown,unknown,unknown
880,unknown_asset,unknown,unknown,unknown
881,backend_server,unknown,unknown,unknown
882,unknown_asset,unknown,unknown,unknown
883,unknown_asset,unknown,confidentiality,unknown
884,unknown_asset,unknown,unknown,unknown
885,unknown_asset,unknown,unknown,unknown
886,unknown_asset,tampering,unknown,unknown
887,parameter_segment_idx,unknown,unknown,unknown
888,park_ecu,unknown,unknown,unknown
889,gnss_signal,unknown,unknown,unknown
890,railway_system,unknown,unknown,unknown
891,nfc_protocol,unknown,unknown,unknown
892,unknown_asset,unknown,integrity,major
893,bluetooth_energy,unknown,unknown,unknown
894,unknown_asset,unknown,unknown,unknown
895,unknown_asset,unknown,unknown,unknown
896,unknown_asset,unknown,confidentiality,unknown
897,unknown_asset,unknown,unknown,unknown
898,battery_system,unknown,unknown,unknown
899,unknown_asset,unknown,confidentiality,unknown
900,unknown_asset,unknown,integrity,major
901,winaprs,unknown,availability,unknown
902,unknown_asset,unknown,unknown,unknown
903,third-party_software,unknown,unknown,unknown
904,unknown_asset,unknown,unknown,unknown
905,keyless_system,unknown,unknown,unknown
906,keyless_entry,unknown,unknown,unknown
907,apache_log4j2,unknown,unknown,unknown
908,unknown_asset,unknown,unknown,unknown
909,unknown_asset,unknown,unknown,unknown
910,unknown_asset,unknown,unknown,unknown
911,unknown_asset,unknown,unknown,unknown
912,keyless_system,unknown,unknown,unknown
913,debug_interface,unknown,confidentiality,unknown
914,security_access,unknown,unknown,unknown
915,pre-collision_can,unknown,unknown,unknown
916,unknown_asset,unknown,unknown,unknown
917,door_signal,unknown,unknown,unknown
918,smart_phone,unknown,unknown,unknown
919,unknown_asset,tampering,unknown,unknown
920,keyless_system,unknown,unknown,unknown
921,pulseaudio_service,unknown,unknown,unknown
922,multimedia_system,unknown,confidentiality,unknown
923,unknown_asset,unknown,unknown,unknown
924,configuration_file,unknown,unknown,unknown
925,unknown_asset,unknown,unknown,unknown
926,key_fob,unknown,unknown,unknown
927,unknown_asset,unknown,unknown,unknown
928,unknown_asset,unknown,unknown,unknown
929,vehicle_system,unknown,unknown,unknown
930,unknown_asset,unknown,unknown,unknown
931,nhai_servers,unknown,unknown,unknown
932,unknown_asset,unknown,unknown,unknown
933,unknown_asset,unknown,unknown,unknown
934,snapdragon_chips,unknown,unknown,unknown
935,unknown_asset,unknown,unknown,unknown
936,keyless_system,unknown,unknown,unknown
937,unknown_asset,unknown,unknown,unknown
938,unknown_asset,unknown,unknown,unknown
939,unknown_asset,unknown,unknown,unknown
940,unknown_asset,unknown,unknown,unknown
941,elf_file,unknown,unknown,unknown
942,unknown_asset,unknown,unknown,unknown
943,bluetooth_dialog,unknown,unknown,unknown
944,sms_interface,unknown,unknown,unknown
945,update_mechanism,unknown,unknown,unknown
946,unknown_asset,unknown,unknown,unknown
947,unknown_asset,unknown,unknown,unknown
948,unknown_asset,unknown,unknown,unknown
949,peripheral_feature,unknown,unknown,unknown
950,unknown_asset,unknown,confidentiality,unknown
951,media_player,unknown,unknown,unknown
952,ivi_system,unknown,unknown,unknown
953,genivi_dlt,unknown,unknown,unknown
954,unknown_asset,unknown,unknown,unknown
955,lidar_sensor,unknown,unknown,unknown
956,unknown_asset,unknown,unknown,unknown
957,cryptographic_cipher,unknown,unknown,unknown
958,unknown_asset,unknown,unknown,unknown
959,lf_signal,unknown,unknown,unknown
960,snapdragon_chips,unknown,unknown,unknown
961,lane_algorithm,unknown,unknown,unknown
962,ecu_hardware,unknown,unknown,unknown
963,remote_system,unknown,unknown,unknown
964,dash_cameras,unknown,confidentiality,unknown
965,tesla_app,unknown,unknown,unknown
966,heated_seats,unknown,unknown,unknown
967,diagnostic_functions,unknown,unknown,unknown
968,unknown_asset,unknown,unknown,unknown
969,garo_wallbox,unknown,unknown,unknown
970,unknown_asset,unknown,availability,unknown
971,siren_system,unknown,unknown,unknown
972,key_fob,unknown,unknown,unknown
973,unknown_asset,unknown,unknown,unknown
974,unknown_asset,unknown,unknown,unknown
975,unknown_asset,unknown,unknown,unknown
976,unknown_asset,unknown,unknown,unknown
977,evlink_evc1s22p4,unknown,unknown,unknown
978,gateway_system,unknown,unknown,unknown
979,key_fobs,unknown,unknown,unknown
980,unknown_asset,unknown,unknown,unknown
981,key_fob,spoofing,unknown,unknown
982,telematics_ecu,unknown,confidentiality,unknown
983,d-bus_servcies,unknown,confidentiality,minor
984,gsm_connection,unknown,unknown,unknown
985,central_computer,unknown,unknown,unknown
986,odometer_values,unknown,unknown,unknown
987,keyless_system,unknown,unknown,unknown
988,unknown_asset,unknown,unknown,unknown
989,internal_network,unknown,confidentiality,minor
990,obd_devices,unknown,unknown,unknown
991,unknown_asset,unknown,unknown,unknown
992,unknown_asset,unknown,unknown,unknown
993,client_code,unknown,unknown,unknown
994,unknown_asset,unknown,unknown,unknown
995,camera_systems,unknown,unknown,unknown
996,deep_network,unknown,unknown,unknown
997,traffic_system,unknown,unknown,unknown
998,parking_brake,unknown,unknown,unknown
999,unknown_asset,unknown,unknown,unknown
1000,cellular_modem,unknown,unknown,unknown
1001,unknown_asset,unknown,unknown,unknown
1002,unknown_asset,unknown,unknown,unknown
1003,autonomous_system,unknown,unknown,unknown
1004,unknown_asset,unknown,unknown,unknown
1005,unknown_asset,unknown,unknown,unknown
1006,unknown_asset,unknown,unknown,unknown
1007,unknown_asset,unknown,unknown,unknown
1008,unknown_asset,unknown,unknown,unknown
1009,unknown_asset,unknown,unknown,unknown
1010,unknown_asset,unknown,unknown,unknown
1011,security_routine,unknown,unknown,unknown
1012,crc_adaption,unknown,unknown,unknown
1013,keyless_system,unknown,unknown,unknown
1014,unknown_asset,unknown,unknown,unknown
1015,key_fob,unknown,unknown,unknown
1016,unknown_asset,unknown,unknown,unknown
1017,wireless_access,unknown,unknown,unknown
1018,unknown_asset,unknown,confidentiality,minor
1019,unknown_asset,unknown,confidentiality,unknown
1020,mycar_unit,unknown,unknown,unknown
1021,discover_system,unknown,availability,unknown
1022,electronic_system,unknown,unknown,unknown
1023,unknown_asset,unknown,unknown,unknown
1024,diagnostic_protocols,unknown,unknown,unknown
1025,unknown_asset,unknown,unknown,unknown
1026,unknown_asset,unknown,unknown,unknown
1027,automotive_systems,unknown,unknown,unknown
1028,unknown_asset,unknown,unknown,unknown
1029,keyless_fobs,unknown,unknown,unknown
1030,keyless_system,unknown,unknown,unknown
1031,diagnostic_tool,unknown,unknown,unknown
1032,keeloq_cipher,unknown,unknown,unknown
1033,unknown_asset,unknown,unknown,unknown
1034,unknown_asset,unknown,unknown,unknown
1035,unknown_asset,unknown,unknown,unknown
1036,infotainment_system,unknown,unknown,unknown
1037,unknown_asset,unknown,unknown,unknown
1038,unknown_asset,unknown,unknown,unknown
1039,can_messages,unknown,unknown,unknown
1040,keyless_systems,unknown,unknown,unknown
1041,gas_pedal,unknown,unknown,unknown
1042,unknown_asset,unknown,unknown,unknown
1043,unknown_asset,unknown,unknown,unknown
1044,customer-link_app,unknown,unknown,unknown
1045,ivi_system,unknown,unknown,unknown
1046,unknown_asset,unknown,unknown,unknown
1047,keyless_system,unknown,unknown,unknown
1048,can_messages,unknown,unknown,unknown
1049,mib_radio,unknown,confidentiality,unknown
1050,vehicle_information,unknown,unknown,unknown
1051,keyless_system,unknown,unknown,unknown
1052,keyless_system,unknown,unknown,unknown
1053,keyless_systems,unknown,unknown,unknown
1054,ecu_firmware,unknown,unknown,unknown
1055,unknown_asset,unknown,unknown,unknown
1056,telemetry_data,unknown,unknown,unknown
1057,key_fob,unknown,unknown,unknown
1058,bluetooth_radio,unknown,unknown,unknown
1059,unknown_asset,unknown,confidentiality,unknown
1060,unknown_asset,unknown,integrity,major
1061,unknown_asset,unknown,unknown,unknown
1062,wireless_dongles,unknown,unknown,unknown
1063,unknown_asset,unknown,integrity,major
1064,instrument_cluster,unknown,unknown,unknown
1065,daimler's_cloud,unknown,unknown,unknown
1066,unknown_asset,unknown,unknown,unknown
1067,keyless_fob,unknown,unknown,unknown
1068,unknown_asset,unknown,confidentiality,unknown
1069,keyless_system,unknown,unknown,unknown
1070,unknown_asset,unknown,unknown,unknown
1071,human,unknown,unknown,unknown
1072,cruise_control,unknown,unknown,unknown
1073,unknown_asset,unknown,unknown,unknown
1074,infotainment_system,unknown,unknown,unknown
1075,unknown_asset,denial_of_service,unknown,unknown
1076,unknown_asset,unknown,unknown,unknown
1077,third_tool,unknown,unknown,unknown
1078,ivi_system,unknown,unknown,unknown
1079,thread_map,unknown,unknown,unknown
1080,server_certificate,unknown,unknown,unknown
1081,unknown_asset,unknown,unknown,unknown
1082,infotainment_system,unknown,unknown,unknown
1083,unknown_asset,unknown,unknown,unknown
1084,unknown_asset,unknown,unknown,unknown
1085,center_console,unknown,unknown,unknown
1086,flash_chips,unknown,unknown,unknown
1087,tizen_bootloader,unknown,unknown,unknown
1088,elm327_device,unknown,unknown,unknown
1089,car_remotes,unknown,unknown,unknown
1090,evlink_city,unknown,unknown,unknown
1091,unknown_asset,unknown,unknown,unknown
1092,engine_frimware,unknown,unknown,unknown
1093,tracking_apis,unknown,unknown,unknown
1094,hevc_content,unknown,unknown,unknown
1095,sasl-enabled,unknown,unknown,unknown
1096,unknown_asset,unknown,confidentiality,unknown
1097,keyless_system,unknown,unknown,unknown
1098,unknown_asset,unknown,unknown,unknown
1099,web_browsing,unknown,unknown,unknown
1100,unknown_asset,unknown,unknown,unknown
1101,global_key,unknown,unknown,unknown
1102,unknown_asset,unknown,unknown,unknown
1103,telematics_firmware,unknown,unknown,unknown
1104,autonomous_systems,unknown,unknown,unknown
1105,unknown_asset,unknown,unknown,unknown
1106,me_app,unknown,unknown,minor
1107,sensor_measurement,unknown,unknown,unknown
1108,remote_system,repudiation,unknown,unknown
1109,steel_key,unknown,unknown,unknown
1110,unknown_asset,unknown,confidentiality,unknown
1111,key_fob,unknown,unknown,unknown
1112,evlink_city,unknown,unknown,unknown
1113,combined_system,unknown,unknown,unknown
1114,unknown_asset,tampering,unknown,unknown
1115,truning_signals,unknown,unknown,unknown
1116,key_fob,unknown,unknown,unknown
1117,key_fob,unknown,unknown,unknown
1118,unknown_asset,unknown,confidentiality,unknown
1119,unknown_asset,unknown,unknown,minor
1120,viper,unknown,unknown,unknown
1121,unknown_asset,unknown,unknown,unknown
1122,parking_module,unknown,unknown,unknown
1123,unknown_asset,unknown,unknown,unknown
1124,unknown_asset,unknown,unknown,unknown
1125,unknown_asset,unknown,unknown,unknown
1126,unknown_asset,unknown,integrity,major
1127,keyless_system,unknown,unknown,unknown
1128,unknown_asset,unknown,unknown,minor
1129,keyless_systems,unknown,unknown,unknown
1130,diagnostics_tool,unknown,unknown,unknown
1131,unknown_asset,unknown,unknown,unknown
1132,unknown_asset,unknown,unknown,unknown
1133,unknown_asset,unknown,unknown,unknown
1134,shadow_file,unknown,unknown,unknown
1135,unknown_asset,unknown,unknown,unknown
1136,unknown_asset,unknown,unknown,unknown
1137,charging_station,unknown,unknown,unknown
1138,unknown_asset,unknown,unknown,minor
1139,electric_equipment,unknown,unknown,unknown
1140,evlink_evc1s22p4,unknown,unknown,unknown
1141,key_fob,unknown,unknown,unknown
1142,unknown_asset,unknown,unknown,unknown
1143,unknown_asset,unknown,unknown,unknown
1144,can_message,unknown,unknown,unknown
1145,alarm_system,unknown,unknown,unknown
1146,gradient-based_algorithms,unknown,unknown,unknown
1147,bluetooth_stack,unknown,unknown,unknown
1148,camera_controls,unknown,unknown,unknown
1149,tpms_sensors,unknown,unknown,unknown
1150,unknown_asset,unknown,unknown,unknown
1151,unknown_asset,unknown,unknown,unknown
1152,unknown_asset,unknown,unknown,unknown
1153,command_processing,unknown,unknown,unknown
1154,code_encoder,unknown,unknown,unknown
1155,diagnostics_tool,unknown,unknown,unknown
1156,electronic_steering,unknown,unknown,unknown
1157,parking_firmware,unknown,unknown,unknown
1158,flexray_messages,unknown,unknown,unknown
1159,keyless_system,unknown,unknown,unknown
1160,unknown_asset,unknown,unknown,unknown
1161,daimler_app,unknown,unknown,unknown
1162,unknown_asset,unknown,unknown,unknown
1163,unknown_asset,unknown,unknown,unknown
1164,tesla_api,unknown,unknown,unknown
1165,driver_software,unknown,unknown,unknown
1166,unknown_asset,unknown,unknown,unknown
1167,unknown_asset,unknown,unknown,unknown
1168,head_unit,tampering,unknown,unknown
1169,nfc_card,unknown,unknown,unknown
1170,unknown_asset,unknown,unknown,unknown
1171,unknown_asset,unknown,unknown,unknown
1172,unknown_asset,unknown,unknown,unknown
1173,traffic_recognition,unknown,unknown,unknown
1174,key_fob,unknown,unknown,unknown
1175,schneider_station,unknown,unknown,unknown
1176,unknown_asset,unknown,unknown,unknown
1177,temporary_identity,unknown,unknown,unknown
1178,unknown_asset,unknown,unknown,unknown
1179,qualcomm_automobile,unknown,unknown,unknown
1180,traffic_recognition,unknown,unknown,unknown
1181,unknown_asset,unknown,unknown,unknown
1182,key_fob,unknown,unknown,unknown
1183,hitag2_cipher,unknown,unknown,unknown
1184,unknown_asset,unknown,unknown,unknown
1185,unknown_asset,unknown,unknown,unknown
1186,hermes_2.1,unknown,unknown,unknown
1187,unknown_asset,unknown,unknown,unknown
1188,unknown_asset,unknown,unknown,minor
1189,traffic_control,unknown,unknown,unknown
1190,unknown_asset,unknown,unknown,unknown
1191,wlan_channel,unknown,unknown,unknown
1192,internal_network,unknown,unknown,unknown
1193,dip_ics,unknown,unknown,unknown
1194,unknown_asset,unknown,confidentiality,minor
1195,can_messages,unknown,unknown,unknown
1196,unknown_asset,unknown,unknown,unknown
1197,key_fob,unknown,unknown,unknown
1198,unlocking_routine,unknown,unknown,unknown
1199,unknown_asset,unknown,unknown,unknown
1200,unknown_asset,unknown,unknown,unknown
1201,unknown_asset,unknown,unknown,unknown
1202,linux_system,unknown,unknown,unknown
1203,unknown_asset,unknown,unknown,unknown
1204,keeloq_cipher,unknown,unknown,unknown
1205,unknown_asset,unknown,unknown,unknown
1206,unknown_asset,unknown,unknown,unknown
1207,global_techstream,unknown,unknown,unknown
1208,shared_key,unknown,unknown,unknown
1209,autonomous_pilots,unknown,unknown,unknown
1210,unknown_asset,unknown,unknown,minor
1211,unknown_asset,unknown,unknown,unknown
1212,unknown_asset,unknown,unknown,minor
1213,security_algorithm,unknown,unknown,unknown
1214,instrument_cluster,unknown,unknown,unknown
1215,key_fob,repudiation,unknown,unknown
1216,unknown_asset,unknown,integrity,major
1217,unknown_asset,unknown,unknown,unknown
1218,unknown_asset,unknown,unknown,unknown
1219,unknown_asset,unknown,unknown,unknown
1220,ecu_units,unknown,unknown,unknown
1221,unknown_asset,unknown,confidentiality,minor
1222,telematics_firmware,unknown,unknown,unknown
1223,unknown_asset,unknown,unknown,unknown
1224,data_system,unknown,unknown,unknown
1225,unknown_asset,unknown,unknown,unknown
1226,communication_channels,unknown,unknown,unknown
1227,unknown_asset,unknown,unknown,unknown
1228,data_transmissions,unknown,confidentiality,minor
1229,key_fob,unknown,unknown,unknown
1230,unknown_asset,unknown,unknown,unknown
1231,unknown_asset,unknown,unknown,unknown
1232,tizen-based_firmwares,unknown,unknown,unknown
1233,authentication_systems,unknown,confidentiality,unknown
1234,keyless_system,unknown,unknown,unknown
1235,unknown_asset,unknown,unknown,unknown
1236,unknown_asset,unknown,unknown,unknown
1237,viper_smartstart,unknown,unknown,unknown
1238,cloud_tool,unknown,confidentiality,unknown
1239,data_traffic,unknown,confidentiality,unknown
1240,unknown_asset,unknown,unknown,unknown
1241,automotive_koi,unknown,unknown,unknown
1242,mp4_video,unknown,unknown,unknown
1243,infotainment’s_can,unknown,unknown,unknown
1244,unknown_asset,unknown,unknown,unknown
1245,electronic_brake,unknown,unknown,unknown
1246,qualcomm_automobile,unknown,unknown,unknown
1247,unknown_asset,unknown,unknown,unknown
1248,keyless_system,unknown,unknown,unknown
1249,unknown_asset,unknown,unknown,unknown
1250,winaprs,unknown,availability,unknown
1251,unknown_asset,unknown,unknown,unknown
1252,ecostruxure_expert,unknown,confidentiality,unknown
1253,unknown_asset,unknown,unknown,unknown
1254,unknown_asset,unknown,unknown,unknown
1255,headunit_ntg6,unknown,unknown,unknown
1256,email_server,unknown,unknown,unknown
1257,unknown_asset,unknown,unknown,unknown
1258,sms_messages,unknown,unknown,unknown
1259,unknown_asset,unknown,unknown,unknown
1260,automotive_linux,unknown,unknown,unknown
1261,lane_mechanism,unknown,unknown,unknown
1262,cd/multimedia_system,unknown,unknown,unknown
1263,unknown_asset,unknown,unknown,unknown
1264,unknown_asset,unknown,unknown,unknown
1265,keeloq_rke,denial_of_service,unknown,unknown
1266,unknown_asset,unknown,unknown,unknown
1267,keyless_system,unknown,unknown,unknown
1268,plc_bus,unknown,unknown,unknown
1269,unknown_asset,unknown,unknown,unknown
1270,electric_stations,unknown,unknown,unknown
1271,unknown_asset,unknown,unknown,unknown
1272,unknown_asset,unknown,unknown,unknown
1273,intel_processors,unknown,unknown,unknown
1274,unknown_asset,unknown,unknown,unknown
1275,key_fob,unknown,unknown,unknown
1276,car's_computer,unknown,unknown,unknown
1277,can_messages,unknown,unknown,unknown
1278,unknown_asset,unknown,unknown,unknown
1279,key_fob,unknown,unknown,unknown
1280,keyless_system,unknown,unknown,unknown
1281,unknown_asset,unknown,unknown,unknown
1282,unknown_asset,unknown,unknown,unknown
1283,unknown_asset,unknown,confidentiality,unknown
1284,engine_ecu,unknown,unknown,unknown
1285,unknown_asset,unknown,unknown,unknown
1286,unknown_asset,unknown,unknown,minor
1287,unknown_asset,unknown,unknown,unknown
1288,mdm9250_chip,unknown,unknown,unknown
1289,unknown_asset,unknown,unknown,unknown
1290,unknown_asset,unknown,unknown,unknown
1291,unknown_asset,unknown,unknown,unknown
1292,unknown_asset,unknown,unknown,unknown
1293,unknown_asset,unknown,unknown,unknown
1294,key_fob,unknown,unknown,unknown
1295,key_fob,spoofing,unknown,unknown
1296,unknown_asset,unknown,unknown,unknown
1297,keyless_system,unknown,unknown,unknown
1298,lane_system,unknown,unknown,unknown
1299,tizen-based_firmwares,unknown,unknown,unknown
1300,unknown_asset,unknown,unknown,unknown
1301,unknown_asset,unknown,confidentiality,minor
1302,unknown_asset,unknown,unknown,unknown
1303,lcn2kai_unit,unknown,unknown,unknown
1304,unknown_asset,unknown,unknown,unknown
1305,diagnostic_message,unknown,unknown,unknown
1306,apache_log4j2,unknown,unknown,unknown
1307,unknown_asset,unknown,unknown,unknown
1308,unknown_asset,unknown,unknown,unknown
1309,semantic,unknown,unknown,unknown
1310,image_classifiers,unknown,unknown,unknown
1311,automotive_multimedia,unknown,unknown,unknown
1312,unknown_asset,unknown,unknown,unknown
1313,unknown_asset,unknown,unknown,unknown
1314,keyless_systems,unknown,unknown,unknown
1315,unknown_asset,unknown,unknown,unknown
1316,advantech_server,elevation_of_privilege,unknown,unknown
1317,deep_classifier,unknown,unknown,unknown
1318,unknown_asset,unknown,unknown,unknown
1319,unknown_asset,unknown,unknown,unknown
1320,unknown_asset,unknown,unknown,unknown
1321,unknown_asset,unknown,unknown,unknown
1322,bluetooth_stack,unknown,unknown,unknown
1323,code_decoder,unknown,unknown,unknown
1324,micodus_gps,unknown,unknown,unknown
1325,wlan_network,unknown,unknown,unknown
1326,unknown_asset,unknown,unknown,unknown
1327,unknown_asset,unknown,unknown,unknown
1328,unknown_asset,unknown,unknown,unknown
1329,unknown_asset,unknown,unknown,unknown
1330,unknown_asset,unknown,unknown,unknown
1331,can_messages,unknown,unknown,unknown
1332,unknown_asset,unknown,unknown,unknown
1333,graphic_interface,unknown,unknown,unknown
1334,unknown_asset,unknown,unknown,unknown
1335,unknown_asset,unknown,unknown,unknown
1336,unknown_asset,unknown,unknown,unknown
1337,infotainment_system,unknown,unknown,unknown
1338,unknown_asset,tampering,unknown,unknown
1339,machine_algorithms,unknown,unknown,unknown
1340,tesla_app,unknown,unknown,unknown
1341,smartphone_app,unknown,unknown,unknown
1342,unknown_asset,unknown,unknown,unknown
1343,unknown_asset,unknown,unknown,unknown
1344,unknown_asset,unknown,unknown,unknown
1345,unknown_asset,unknown,integrity,major
1346,unknown_asset,unknown,unknown,unknown
1347,unknown_asset,unknown,unknown,unknown
1348,open_app,unknown,unknown,unknown
1349,nucleus_stack,unknown,unknown,unknown
1350,unknown_asset,unknown,unknown,unknown
1351,unknown_asset,unknown,confidentiality,unknown
1352,fixed-size_array,unknown,unknown,unknown
1353,evlink_city,unknown,unknown,unknown
1354,keyless_system,unknown,unknown,unknown
1355,configuration_file,unknown,unknown,unknown
1356,unknown_asset,unknown,unknown,unknown
1357,password_space,unknown,unknown,unknown
1358,key_fob,unknown,unknown,unknown
1359,unknown_asset,unknown,unknown,unknown
1360,command_processing,unknown,unknown,unknown
1361,unknown_asset,unknown,unknown,unknown
1362,unknown_asset,unknown,unknown,unknown
1363,config_function,unknown,unknown,unknown
1364,unknown_asset,unknown,unknown,unknown
1365,unknown_asset,unknown,unknown,unknown
1366,modular_platform,unknown,unknown,unknown
1367,unknown_asset,unknown,unknown,unknown
1368,unknown_asset,unknown,unknown,unknown
1369,url-parsing_functionality,unknown,unknown,unknown
1370,highway_sign,unknown,unknown,unknown
1371,unknown_asset,unknown,unknown,unknown
1372,can_messages,unknown,unknown,severe
1373,obd_port,unknown,unknown,unknown
1374,unknown_asset,unknown,unknown,unknown
1375,unknown_asset,unknown,unknown,unknown
1376,unknown_asset,unknown,unknown,unknown
1377,in-car_pi,unknown,unknown,unknown
1378,infotainment_system,unknown,unknown,unknown
1379,infineon_2,unknown,unknown,unknown
1380,parking_brake,unknown,unknown,unknown
1381,ev_infrastructure,unknown,unknown,unknown
1382,unknown_asset,unknown,unknown,unknown
1383,key_fob,unknown,unknown,unknown
1384,gps_data,unknown,unknown,unknown
1385,unknown_asset,unknown,unknown,unknown
1386,security_access,unknown,unknown,unknown
1387,unknown_asset,unknown,unknown,unknown
1388,driving_interface,unknown,availability,unknown
1389,telematic_systems,unknown,unknown,unknown
1390,speech,unknown,unknown,unknown
1391,keyless_system,unknown,unknown,unknown
1392,security_access,unknown,unknown,unknown
1393,unknown_asset,unknown,confidentiality,unknown
1394,head_unit,unknown,unknown,unknown
1395,password_hash,unknown,unknown,unknown
1396,key_fobs,unknown,unknown,unknown
1397,can_driver,unknown,unknown,unknown
1398,alarm_system,unknown,unknown,unknown
1399,unknown_asset,unknown,unknown,unknown
1400,unknown_asset,unknown,unknown,unknown
1401,on-board_feature,unknown,unknown,unknown
1402,engine_ecu,unknown,unknown,unknown
1403,unknown_asset,unknown,unknown,unknown
1404,unknown_asset,unknown,unknown,unknown
1405,head_unit,unknown,unknown,unknown
1406,v2g_stack,unknown,confidentiality,unknown
1407,unknown_asset,unknown,unknown,unknown
1408,vgate_dongle,unknown,unknown,unknown
1409,obd_dongle,unknown,unknown,unknown
1410,unknown_asset,unknown,unknown,unknown
1411,car_system,unknown,unknown,unknown
1412,connected_drive,unknown,unknown,unknown
1413,unknown_asset,unknown,unknown,unknown
1414,infotainment_systems,unknown,unknown,unknown
1415,code_encoder,unknown,unknown,unknown
1416,key_fob,unknown,unknown,unknown
1417,advanced_systems,unknown,unknown,unknown
1418,rear_camera,unknown,unknown,unknown
1419,keyless_system,unknown,unknown,unknown
1420,take_charger,unknown,confidentiality,unknown
1421,unknown_asset,unknown,unknown,unknown
1422,unknown_asset,unknown,unknown,unknown
1423,vgate_dongle,unknown,unknown,unknown
1424,unknown_asset,unknown,unknown,unknown
1425,obd_device,unknown,unknown,unknown
1426,can_bus,unknown,unknown,unknown
1427,unknown_asset,unknown,unknown,unknown
1428,unknown_asset,unknown,unknown,unknown
1429,unknown_asset,unknown,unknown,unknown
1430,key_fob,unknown,unknown,unknown
1431,nvidia_linux,unknown,availability,unknown
1432,unknown_asset,unknown,unknown,unknown
1433,device_communication,unknown,unknown,unknown
1434,windows_systems,unknown,unknown,unknown
1435,security_algorithm,unknown,unknown,unknown
1436,phone_key,unknown,unknown,unknown
1437,can_traffic,unknown,unknown,unknown
1438,key_space,unknown,unknown,unknown
1439,custom_app,unknown,unknown,unknown
1440,unknown_asset,unknown,confidentiality,unknown
1441,autonomous_system,unknown,unknown,unknown
1442,unknown_asset,unknown,unknown,unknown
1443,unknown_asset,unknown,unknown,unknown
1444,stop_recognition,unknown,unknown,unknown
1445,unknown_asset,unknown,unknown,severe
1446,smart_system,unknown,unknown,unknown
1447,unknown_asset,unknown,unknown,unknown
1448,unknown_asset,unknown,unknown,unknown
1449,obd_device,tampering,unknown,unknown
1450,pam_firmware,unknown,unknown,unknown
1451,keyless_system,unknown,unknown,unknown
1452,unknown_asset,unknown,unknown,unknown
1453,unknown_asset,unknown,unknown,unknown
1454,infotainment_system,unknown,unknown,unknown
1455,remote_system,repudiation,unknown,unknown
1456,bluetooth_stack,unknown,confidentiality,minor
1457,unknown_asset,unknown,unknown,unknown
1458,unknown_asset,unknown,unknown,unknown
1459,key_fob,unknown,unknown,unknown
1460,pkes_protocol,unknown,unknown,unknown
1461,unknown_asset,unknown,unknown,unknown
1462,unknown_asset,unknown,unknown,unknown
1463,keyless_system,unknown,unknown,unknown
1464,internal_network,unknown,confidentiality,unknown
1465,unknown_asset,unknown,unknown,unknown
1466,air_conditioning,unknown,unknown,unknown
1467,unknown_asset,unknown,unknown,minor
1468,unknown_asset,unknown,unknown,unknown
1469,unknown_asset,unknown,unknown,unknown
1470,unknown_asset,unknown,unknown,unknown
1471,keyless_system,unknown,unknown,unknown
1472,unknown_asset,unknown,confidentiality,unknown
1473,keyless_system,unknown,unknown,unknown
1474,key_space,unknown,unknown,unknown
1475,unknown_asset,unknown,unknown,unknown
1476,keyless_system,unknown,unknown,unknown
1477,head_unit,unknown,unknown,unknown
1478,keyless_system,unknown,unknown,unknown
1479,gps_coordinates,unknown,unknown,unknown
1480,tire_system,unknown,unknown,unknown
1481,mdm9250_chip,unknown,unknown,unknown
1482,key_fob,unknown,unknown,unknown
1483,unknown_asset,unknown,unknown,unknown
1484,on-board-unit_input,unknown,unknown,unknown
1485,can_messages,unknown,unknown,unknown
1486,unknown_asset,unknown,unknown,unknown
1487,unknown_asset,unknown,unknown,unknown
1488,infotainment_system,unknown,unknown,unknown
1489,command-and-control_server,unknown,unknown,unknown
1490,steal_objects,unknown,unknown,unknown
1491,key_fob,unknown,unknown,unknown
1492,autopilot_system,unknown,unknown,unknown
1493,mobile_app,unknown,unknown,unknown
1494,unknown_asset,unknown,unknown,unknown
1495,unknown_asset,unknown,unknown,unknown
1496,unknown_asset,unknown,unknown,unknown
1497,unknown_asset,denial_of_service,unknown,unknown
1498,unknown_asset,unknown,unknown,unknown
1499,unknown_asset,unknown,unknown,unknown
1500,diagnostic_functions,unknown,unknown,unknown
1501,log4j_library,unknown,unknown,unknown
1502,unknown_asset,unknown,unknown,unknown
1503,unknown_asset,unknown,unknown,unknown
1504,unknown_asset,unknown,confidentiality,unknown
1505,apache_log4j,unknown,unknown,unknown
1506,web_browsing,unknown,unknown,unknown
1507,wi-fi_communication,unknown,unknown,unknown
1508,lidar_sensor,unknown,unknown,unknown
1509,can_messages,unknown,unknown,unknown
1510,qca574au_chip,unknown,unknown,unknown
1511,amazon_services,unknown,unknown,unknown
1512,autonomous_system,unknown,unknown,unknown
1513,unknown_asset,unknown,unknown,unknown
1514,bubble_dan,unknown,unknown,unknown
1515,heads_display,unknown,unknown,unknown
1516,unknown_asset,unknown,unknown,unknown
1517,unknown_asset,unknown,unknown,unknown
1518,mobile_app,unknown,unknown,unknown
1519,push-to-start_ignitions,unknown,unknown,unknown
1520,apache_log4j,unknown,unknown,unknown
1521,smartalarm_systems,unknown,unknown,unknown
1522,unknown_asset,unknown,unknown,minor
1523,key_fob,unknown,unknown,unknown
1524,unknown_asset,unknown,unknown,unknown
1525,unknown_asset,unknown,unknown,unknown
1526,unknown_asset,unknown,unknown,unknown
1527,can_bus,unknown,unknown,unknown
1528,unknown_asset,unknown,unknown,unknown
1529,fordpass_app,unknown,confidentiality,unknown
1530,unknown_asset,unknown,unknown,unknown
1531,infotainment_ecu,unknown,unknown,unknown
1532,infotainment_system,unknown,unknown,unknown
1533,unknown_asset,unknown,unknown,unknown
1534,obd_devices,unknown,unknown,unknown
1535,internal_network,unknown,unknown,unknown
1536,infotainment_system,unknown,availability,unknown
1537,key_fob,unknown,unknown,unknown
1538,data_packets,unknown,unknown,unknown
1539,unknown_asset,unknown,unknown,unknown
1540,can_bus,unknown,unknown,unknown
1541,unknown_asset,unknown,unknown,unknown
1542,unknown_asset,unknown,unknown,unknown
1543,can_bus,unknown,unknown,unknown
1544,autopilot_system,unknown,unknown,unknown
1545,keyless_system,unknown,unknown,unknown
1546,unknown_asset,unknown,unknown,unknown
1547,autowiper_function,unknown,unknown,unknown
1548,bmp_codec,unknown,unknown,unknown
1549,lane_functionality,unknown,confidentiality,minor
1550,wireless_interfaces,unknown,unknown,unknown
1551,unknown_asset,unknown,unknown,unknown
1552,keyless_system,unknown,unknown,unknown
1553,telematics_firmware,unknown,unknown,unknown
1554,unknown_asset,unknown,integrity,major
1555,keyless_system,unknown,unknown,unknown
1556,wi-fi_chip,unknown,unknown,unknown
1557,can_bus,tampering,unknown,unknown
1558,unknown_asset,unknown,unknown,unknown
1559,unknown_asset,unknown,unknown,unknown
1560,infotainment_system,unknown,unknown,unknown
1561,wifisvc_binary,unknown,unknown,unknown
1562,unknown_asset,unknown,unknown,unknown
1563,gradient-based_algorithms,unknown,unknown,unknown
1564,keyfob_subsystem,repudiation,unknown,unknown
1565,cryptographic_functions,unknown,unknown,unknown
1566,key_fob,unknown,unknown,unknown
1567,infotainment_unit,unknown,unknown,unknown
1568,hu-jacinto_chip,unknown,unknown,unknown
1569,customer-link_app,unknown,unknown,unknown
1570,unknown_asset,unknown,unknown,unknown
1571,qualcomm_automobile,unknown,unknown,unknown
1572,steering_wheel,unknown,unknown,unknown
1573,unknown_asset,unknown,unknown,unknown
1574,unknown_asset,unknown,unknown,unknown
1575,air_conditioning,unknown,unknown,unknown
1576,picture_parser,unknown,unknown,unknown
1577,keeloq_cipher,unknown,unknown,unknown
1578,engine_units,unknown,unknown,unknown
1579,unknown_asset,unknown,unknown,unknown
1580,unknown_asset,unknown,unknown,unknown
1581,message_protocol,unknown,confidentiality,minor
1582,data_traffic,unknown,unknown,unknown
1583,semantic,unknown,unknown,unknown
1584,unknown_asset,unknown,unknown,unknown
1585,unknown_asset,unknown,unknown,unknown
1586,web_browser,unknown,unknown,unknown
1587,unknown_asset,unknown,unknown,unknown
1588,bluetooth_stack,unknown,unknown,unknown
1589,keyless_system,unknown,unknown,unknown
1590,appupgrade_file,unknown,unknown,unknown
1591,vmware_operations,unknown,unknown,unknown
1592,deep_networks,unknown,unknown,unknown
1593,unknown_asset,unknown,unknown,unknown
1594,vgate_dongle,unknown,unknown,unknown
1595,web_interface,unknown,unknown,unknown
1596,remote_device,unknown,unknown,unknown
1597,unknown_asset,unknown,unknown,unknown
1598,keyless_system,unknown,unknown,unknown
1599,unknown_asset,unknown,unknown,unknown
1600,unknown_asset,unknown,unknown,unknown
1601,3gp_clip,unknown,unknown,unknown
1602,system-popup_service,unknown,unknown,unknown
1603,remote_fob,repudiation,unknown,unknown
1604,unknown_asset,unknown,unknown,unknown
1605,email_server,unknown,unknown,unknown
1606,omap_chip,unknown,unknown,unknown
1607,garo_wallbox,unknown,unknown,unknown
1608,lithium-ion_systems,unknown,unknown,minor
1609,simcontacts_service,unknown,unknown,unknown
1610,tracking_device,unknown,unknown,unknown
1611,telematics_unit,unknown,unknown,unknown
1612,key_fob,unknown,unknown,unknown
1613,wnoti_service,unknown,unknown,minor
1614,wi-fi_module,unknown,confidentiality,unknown
1615,view_devices,unknown,unknown,unknown
1616,unknown_asset,unknown,unknown,unknown
1617,keyless_system,unknown,unknown,unknown
1618,unknown_asset,unknown,unknown,unknown
1619,charging_server,unknown,unknown,unknown
1620,key_fob,unknown,unknown,unknown
1621,unknown_asset,unknown,unknown,unknown
1622,obd_devices,unknown,unknown,unknown
1623,keyless_system,unknown,unknown,unknown
1624,unknown_asset,unknown,confidentiality,unknown
1625,head_unit,unknown,unknown,unknown
1626,third_devices,unknown,unknown,unknown
1627,unknown_asset,unknown,unknown,unknown
1628,unknown_asset,unknown,unknown,unknown
1629,control_algorithm,unknown,unknown,unknown
1630,can_bus,unknown,unknown,unknown
1631,parking_system,unknown,unknown,unknown
1632,obd-dongle_device,unknown,unknown,unknown
1633,unknown_asset,unknown,unknown,unknown
1634,unknown_asset,unknown,unknown,unknown
1635,can_messages,unknown,unknown,unknown
1636,unknown_asset,unknown,unknown,unknown
1637,unknown_asset,unknown,unknown,unknown
1638,unknown_asset,denial_of_service,unknown,unknown
1639,unknown_asset,unknown,confidentiality,unknown
1640,unknown_asset,unknown,unknown,unknown
1641,unknown_asset,unknown,unknown,unknown
1642,can_drivers,unknown,unknown,unknown
1643,unknown_asset,unknown,unknown,unknown
1644,remote_interface,unknown,unknown,unknown
1645,unknown_asset,unknown,unknown,unknown
1646,unknown_asset,unknown,unknown,unknown
1647,unknown_asset,unknown,unknown,unknown
1648,unknown_asset,unknown,unknown,unknown
1649,unknown_asset,unknown,unknown,unknown
1650,unknown_asset,unknown,unknown,unknown
1651,infotainment_system,unknown,unknown,unknown
1652,keyless_entry,unknown,unknown,unknown
1653,unknown_asset,unknown,confidentiality,unknown
1654,key_fob,unknown,unknown,unknown
1655,can_bus,unknown,unknown,unknown
1656,unknown_asset,unknown,unknown,unknown
1657,unknown_asset,unknown,unknown,unknown
1658,unknown_asset,unknown,unknown,unknown
1659,evlink_city,unknown,unknown,unknown
1660,telematic_server,unknown,unknown,unknown
1661,unknown_asset,unknown,unknown,unknown
1662,tpms_sensor,unknown,unknown,unknown
1663,remote_firmware,unknown,unknown,unknown
1664,push-to-start_ignition,unknown,unknown,unknown
1665,head_unit,unknown,unknown,unknown
1666,diagnostic_device,unknown,unknown,unknown
1667,remote_app,repudiation,unknown,unknown
1668,unknown_asset,unknown,unknown,unknown
1669,unknown_asset,unknown,integrity,major
1670,open_app,unknown,unknown,unknown
1671,unknown_asset,unknown,unknown,unknown
1672,unknown_asset,unknown,unknown,unknown
1673,infotainment_system,unknown,unknown,minor
1674,unknown_asset,unknown,unknown,unknown
1675,omap_chip,unknown,unknown,unknown
1676,unknown_asset,unknown,availability,unknown
1677,unknown_asset,unknown,unknown,unknown
1678,unknown_asset,unknown,unknown,unknown
1679,ferrari_api,unknown,unknown,unknown
1680,google,unknown,unknown,unknown
1681,can_bus,unknown,unknown,unknown
1682,adsp_rpc,unknown,unknown,unknown
1683,telematics_firmware,unknown,unknown,unknown
1684,unknown_asset,unknown,unknown,unknown
1685,mobile_device,unknown,unknown,unknown
1686,cruise_control,unknown,unknown,unknown
1687,deep_network,unknown,unknown,unknown
1688,object_algorithms,unknown,unknown,unknown
1689,unknown_asset,unknown,unknown,unknown
1690,snapdragon_auto,unknown,unknown,unknown
1691,unknown_asset,unknown,unknown,unknown
1692,unknown_asset,unknown,unknown,unknown
1693,unknown_asset,unknown,unknown,unknown
1694,unknown_asset,unknown,unknown,unknown
1695,key_fob,unknown,unknown,unknown
1696,unknown_asset,unknown,unknown,unknown
1697,unknown_asset,unknown,unknown,minor
1698,cruise_control,unknown,unknown,unknown
1699,unknown_asset,unknown,unknown,unknown
1700,unknown_asset,unknown,unknown,unknown
1701,unknown_asset,unknown,unknown,unknown
1702,unknown_asset,unknown,unknown,unknown
1703,security_algorithm,unknown,unknown,unknown
1704,ethernet_port,unknown,unknown,unknown
1705,unknown_asset,unknown,unknown,unknown
1706,back-end_server,unknown,unknown,unknown
1707,bluetooth_stacks,unknown,unknown,unknown
1708,keyless_entry,unknown,unknown,unknown
1709,apache_log4j2,unknown,unknown,unknown
1710,snapdragon_chips,unknown,unknown,unknown
1711,diagnostic_message,unknown,availability,severe
1712,phone_authentication,unknown,unknown,unknown
1713,connecteddrive_service,unknown,unknown,unknown
1714,thread_map,unknown,confidentiality,unknown
1715,signal_modulation,unknown,confidentiality,minor
1716,key_algorithm,unknown,unknown,unknown
1717,unknown_asset,unknown,unknown,unknown
1718,unknown_asset,unknown,unknown,unknown
1719,diagnostic_message,unknown,unknown,unknown
1720,gnss_signals,unknown,unknown,unknown
1721,unknown_asset,unknown,unknown,unknown
1722,unknown_asset,unknown,unknown,unknown
1723,unknown_asset,unknown,unknown,unknown
1724,unknown_asset,unknown,unknown,unknown
1725,head_unit,tampering,unknown,unknown
1726,key_fob,unknown,unknown,unknown
1727,keyless_system,unknown,unknown,unknown
1728,http_request,unknown,unknown,unknown
1729,unknown_asset,unknown,unknown,unknown
1730,obd_wlan,unknown,unknown,unknown
1731,telematics_ecu,unknown,unknown,unknown
1732,headunit_ntg6,unknown,unknown,unknown
1733,realtek_module,unknown,unknown,unknown
1734,keyless_system,unknown,unknown,unknown
1735,daimler_comand,unknown,unknown,unknown
1736,unknown_asset,unknown,unknown,unknown
1737,unknown_asset,unknown,unknown,unknown
1738,unknown_asset,unknown,integrity,major
1739,unknown_asset,unknown,unknown,unknown
1740,flexray_messages,unknown,unknown,unknown
1741,homeplug_phy,unknown,unknown,unknown
1742,unknown_asset,unknown,unknown,unknown
1743,electronic_keys,unknown,unknown,unknown
1744,encryption_algorithm,unknown,unknown,unknown
1745,unknown_asset,unknown,unknown,unknown
1746,diagnostic_functions,unknown,confidentiality,minor
1747,unknown_asset,unknown,unknown,unknown
1748,can_traffic,unknown,unknown,unknown
1749,platforms_bus,unknown,unknown,unknown
1750,image_stabilisers,unknown,unknown,unknown
1751,unknown_asset,unknown,unknown,unknown
1752,car_system,unknown,unknown,unknown
1753,unknown_asset,unknown,unknown,unknown
1754,esp32-based_device,unknown,unknown,unknown
1755,qualcomm_automobile,unknown,unknown,unknown
1756,hiqnet_protocol,unknown,unknown,unknown
1757,unknown_asset,unknown,confidentiality,unknown
1758,unknown_asset,unknown,unknown,unknown
1759,unknown_asset,unknown,unknown,unknown
1760,remote_entry,unknown,unknown,unknown
1761,board_computer,unknown,unknown,unknown
1762,evlink_city,unknown,unknown,unknown
1763,unknown_asset,unknown,availability,severe
1764,pyrotechnical_units,unknown,unknown,unknown
1765,unknown_asset,unknown,unknown,unknown
1766,bluetooth_stack,unknown,unknown,unknown
1767,key_fob,unknown,unknown,unknown
1768,remote_entry,unknown,unknown,unknown
1769,unknown_asset,unknown,unknown,unknown
1770,unknown_asset,unknown,unknown,unknown
1771,can_messages,unknown,unknown,unknown
1772,unknown_asset,unknown,unknown,unknown
1773,remote_system,repudiation,unknown,unknown
1774,remote_system,unknown,unknown,unknown
1775,unknown_asset,unknown,availability,unknown
1776,telematics_ecu,unknown,unknown,unknown
1777,unknown_asset,unknown,unknown,severe
1778,keyless_system,unknown,unknown,unknown
1779,unknown_asset,unknown,unknown,minor
1780,unknown_asset,unknown,unknown,unknown
1781,baseband_processor,unknown,unknown,unknown
1782,unknown_asset,unknown,unknown,unknown
1783,unknown_asset,unknown,unknown,unknown
1784,unknown_asset,unknown,unknown,unknown
1785,car_apps,unknown,unknown,unknown
1786,on-board-unit_input,unknown,unknown,unknown
1787,obd_dongle,unknown,unknown,unknown
1788,unknown_asset,unknown,unknown,unknown
1789,unknown_asset,unknown,unknown,unknown
1790,dash_board,unknown,confidentiality,major
1791,linux_system,unknown,unknown,unknown
1792,tracking_apis,unknown,unknown,unknown
1793,smartphone_app,unknown,unknown,unknown
1794,unknown_asset,unknown,unknown,unknown
1795,faster_rcnn,unknown,unknown,unknown
1796,unknown_asset,unknown,unknown,unknown
1797,ivi_system,unknown,unknown,unknown
1798,traffic_system,unknown,unknown,unknown
1799,unknown_asset,unknown,unknown,minor
1800,unknown_asset,unknown,unknown,unknown
1801,micodus_tracker,unknown,unknown,unknown
1802,snapdragon_auto,unknown,unknown,unknown
1803,sd_card,unknown,unknown,unknown
1804,unknown_asset,unknown,unknown,unknown
1805,bus_system,unknown,unknown,unknown
1806,can_bus,tampering,unknown,unknown
1807,obd_devices,unknown,unknown,unknown
1808,remote_device,unknown,unknown,unknown
1809,unknown_asset,unknown,unknown,unknown
1810,diagnostic_message,unknown,unknown,unknown
1811,unknown_asset,unknown,unknown,unknown
1812,engine_ecu,unknown,unknown,unknown
1813,obd_network,unknown,unknown,unknown
1814,unknown_asset,unknown,unknown,unknown
1815,unknown_asset,spoofing,unknown,unknown
1816,can_messages,unknown,unknown,unknown
1817,unknown_asset,unknown,unknown,unknown
1818,unknown_asset,unknown,unknown,unknown
1819,unknown_asset,unknown,unknown,unknown
1820,unknown_asset,unknown,unknown,unknown
1821,unknown_asset,unknown,unknown,unknown
1822,unknown_asset,unknown,unknown,unknown
1823,firmware_functionality,unknown,confidentiality,minor
1824,unknown_asset,unknown,unknown,unknown
1825,security_gateway,unknown,unknown,unknown
1826,uconnect_device,unknown,unknown,unknown
1827,unknown_asset,unknown,unknown,minor
1828,unknown_asset,unknown,unknown,unknown
1829,can_messages,unknown,unknown,unknown
1830,global_techstream,unknown,unknown,unknown
1831,can_traffic,unknown,unknown,unknown
1832,unknown_asset,unknown,unknown,unknown
1833,unknown_asset,unknown,unknown,unknown
1834,snapdragon_chips,unknown,unknown,unknown
1835,unknown_asset,unknown,unknown,unknown
1836,remote_servers,unknown,unknown,unknown
1837,update_service,unknown,unknown,unknown
1838,ecostruxure_expert,unknown,unknown,unknown
1839,battery_charging,unknown,unknown,unknown
1840,unknown_asset,unknown,unknown,unknown
1841,unknown_asset,unknown,unknown,unknown
1842,gitlab_server,unknown,unknown,unknown
1843,cruise_control,unknown,unknown,unknown
1844,unknown_asset,unknown,unknown,unknown
1845,unknown_asset,unknown,unknown,unknown
1846,keyless_ignitions,unknown,unknown,unknown
1847,tpm_communication,unknown,unknown,unknown
1848,tpms_sensors,unknown,unknown,unknown
1849,keyless_system,unknown,unknown,unknown
1850,mqtt_backend,unknown,unknown,unknown
1851,on-board-unit_input,unknown,unknown,unknown
1852,micodus_gps,unknown,unknown,unknown
1853,unknown_asset,unknown,unknown,severe
1854,windscreen_wipers,unknown,unknown,unknown
1855,unknown_asset,unknown,unknown,unknown
1856,unknown_asset,unknown,unknown,unknown
1857,unknown_asset,unknown,unknown,unknown
1858,diagnostic_messages,unknown,unknown,unknown
1859,techstream_software,unknown,unknown,unknown
1860,unknown_asset,unknown,unknown,unknown
1861,adversarial_examples,unknown,unknown,unknown
1862,unknown_asset,unknown,unknown,unknown
1863,unknown_asset,unknown,unknown,unknown
1864,snapdragon_platform,unknown,unknown,unknown
1865,unknown_asset,unknown,unknown,unknown
1866,smart_box,unknown,unknown,unknown
1867,tesla_servers,unknown,unknown,unknown
1868,infotainment_can,unknown,unknown,unknown
1869,unknown_asset,unknown,unknown,unknown
1870,unknown_asset,unknown,unknown,unknown
1871,unknown_asset,unknown,unknown,unknown
1872,gsm_network,unknown,unknown,unknown
1873,can_bus,unknown,unknown,unknown
1874,keyless_system,repudiation,unknown,unknown
1875,android_system,unknown,unknown,unknown
1876,gps_tracker,unknown,unknown,unknown
1877,firmware_checksum,unknown,unknown,unknown
1878,can_messages,unknown,unknown,unknown
1879,unknown_asset,unknown,unknown,unknown
1880,instrument_cluster,unknown,unknown,unknown
1881,unknown_asset,unknown,unknown,unknown
1882,wireless_links,unknown,unknown,unknown
1883,key_fob,unknown,unknown,unknown
